-- Insert data into the Referee table (DONE)
INSERT INTO Referee (Referee_Id, Referee_FName, Referee_LName, Referee_Age, Referee_Nationality, Referee_YearsOfExperience) VALUES
(1, 'César', 'Soto Grado', 43, 'Spain', 5),
(2, 'Pablo', 'González Fuertes', 43, 'Spain', 7),
(3, 'Miguel Ángel', 'Ortiz Arias', 39, 'Spain', 3), 
(4, 'Javier', 'Iglesias Villanueva', 40, 'Spain', 2),
(5, 'Jorge Figueroa', 'Vázquez', 44, 'Spain', 4),
(6, 'Juan Luis', 'Pulido Santana', 40, 'Spain', 2),
(7, 'Mateo', 'Busquets Ferrer', 30, 'Spain', 1),
(8, 'Jesús Gil', 'Manzano', 40, 'Spain', 12),
(9, 'De Burgos', 'Bengoetxea', 38, 'Spain', 9),
(10, 'José María', 'Sánchez Martínez', 40, 'Spain', 9),
(11, 'Francisco José', 'Hernández Maeso', 35, 'Spain', 1),
(12, 'José Luis', 'Munuera Montero', 40, 'Spain', 8),
(13, 'Guillermo Cuadra', 'Fernández', 39, 'Spain', 6),
(14, 'Alejandro Hernández', 'Hernández', 41, 'Spain', 12),
(15, 'Juan Martínez', 'Munuera', 41, 'Spain', 11),
(16, 'Alejandro', 'Muñiz Ruiz', 32, 'Spain', 3),
(17, 'Víctor García', 'Verdura', 29, 'Spain', 1),
(18, 'Javier', 'Alberola Rojas', 32, 'Spain', 7),
(19, 'Isidro Díaz de Mera', 'Escuderos', 34, 'Spain', 4),
(20, 'Mario', 'Melero López', 44, 'Spain', 10),
(21, 'Alejandro Ruiz', 'Aguilera', 30, 'Spain', 1);

-- Insert data into the Club table
INSERT INTO Club (Club_Name, Club_Coach, Club_President, Club_League_Position) VALUES
('Real Madrid', 'Carlo Ancelotti', 'Florentino Pérez', 1),
('Barcelona', 'Xavi Hernández', 'Joan Laporta', 2),
('Girona', 'Miguel Sánchez', 'Delfí Geli', 3),
('Atlético Madrid', 'Diego Simeone', 'Enrique Cerezo', 4),
('Athletic Club', 'Ernesto Valverde', 'Jon Uriarte', 5),
('Real Sociedad', 'Imanol Alguacil', 'Jokin Aperribay', 6),
('Valencia', 'Rubén Baraja', 'Layhoon Chan', 7),
('Real Betis', 'Manuel Pellegrini', 'Ángel Haro', 8),
('Osasuna', 'Jagoba Arrasate', 'Benton oseko', 9),
('Villareal', 'Marcelino García Toral', 'Fernando Roig', 10),
('Getafe', 'José Bordalás', 'Aitor Fernandez', 11),
('Las Palmas', 'García Pimienta', 'Miguel Ángel Ramírez Alonso', 12),
('Alavés', 'Luis García Plaza', 'Alfonso Fernández de Trocóniz', 13),
('Sevilla', 'Quique Sánchez Flores', 'José María del Nido Carrasco', 14),
('Mallorca', 'Javier Aguirre', 'Andy Kohlberg', 15),
('Rayo Vallecano', 'Iñigo Pérez', 'Raúl Martín Presa', 16),
('Celta', 'Claudio Giráldez', 'Marián Mouriño', 17),
('Cádiz', 'Mauricio Pellegrino', 'Manuel Vizcaíno', 18),
('Granada', 'José Ramón Sandoval', 'Sophia Yang', 10),
('Almería', 'Pepe Mel', 'Turki Al-Sheikh', 20);

-- Insert data into the Stadium table (DONE)
INSERT INTO Stadium (Stadium_Name, Stadium_Capacity, Stadium_Location, Stadium_Year_Built, Club_Name) VALUES
('Santiago Bernabéu', 84744, 'Madrid', 1947, 'Real Madrid'),
('Lluís Companys', 55926, 'Barcelona', 1927, 'Barcelona'),
('Montilivi', 13450, 'Girona', 1970, 'Girona'),
('Metropolitano', 70460, 'Madrid', 1994, 'Atlético Madrid'),
('San Mamés', 53331, 'Bilbao', 2013, 'Athletic Club'),
('Anoeta (Reale Arena)', 39313, 'San Sebastián', 1993, 'Real Sociedad'),
('Mestalla', 49430, 'Valencia', 1923, 'Valencia'),
('Benito Villamarín', 60270, 'Seville', 1929, 'Real Betis'),
('El Sadar', 23576, 'Pamplona', 1967, 'Osasuna'),
('La Cerámica', 23000, 'Villareal', 1923, 'Villareal'),
('Coliseum', 17393, 'Getafe', 1998, 'Getafe'),
('Gran Canaria', 32400, 'Las Palmas', 2003, 'Las Palmas'),
('Mendizorrotza', 19840, 'Vitoria-Gasteiz', 1924, 'Alavés'),
('Ramón Sánchez Pizjuán', 42714, 'Seville', 1957, 'Sevilla'),
('Son Moix', 26020, 'Palma', 1999, 'Mallorca'),
('Vallecas', 14505, 'Madrid', 1993, 'Rayo Vallecano'),
('Abanca-Balaídos', 29000, 'Vigo', 1928, 'Celta'),
('Nuevo Mirandilla', 25033, 'Cádiz', 1955, 'Cádiz'),
('Los Cármenes', 19336, 'Granada', 1995, 'Granada'),
('Power House Stadium', 21350, 'Almería', 2004, 'Almería');

-- Insert data into the Player table
INSERT INTO Player (Player_Number, Player_FName, Player_LName, Player_Nationality, Player_Position, Player_Age, Player_Salary, Club_Name) VALUES
(1, 'Thibaut', 'Courtois', 'BEL', 'GK', 31, 15000000, 'Real Madrid'),
(2, 'Daniel', 'Carvajal', 'ESP', 'DF', 32, 10420000, 'Real Madrid'),
(3, 'Éder', 'Militão', 'BRA', 'DF', 26, 14580000, 'Real Madrid'),
(4, 'David', 'Alaba', 'AUT', 'MF', 31, 22500000, 'Real Madrid'),
(5, 'Jude', 'Bellingham', 'ENG', 'DF', 20, 20830000, 'Real Madrid'),
(1, 'Marc-André', 'ter Stegen', 'GER', 'GK', 31, 6300000, 'Barcelona'),
(2, 'João', 'Cancelo', 'POR', 'DF', 29, 12500000, 'Barcelona'),
(3, 'Alejandro', 'Balde', 'ESP', 'DF', 20, 1670000, 'Barcelona'),
(4, 'Ronald', 'Araújo', 'URU', 'DF', 25, 7000000, 'Barcelona'),
(5, 'Iñigo', 'Martínez', 'ESP', 'DF', 32, 9380000, 'Barcelona'),
(1, 'Juan', 'Carlos', 'ESP', 'GK', 36, 370000, 'Girona'),
(3, 'Miguel', 'Gutiérrez', 'ESP', 'DF', 22, 330000, 'Girona'),
(4, 'Arnau', 'Martínez', 'ESP', 'DF', 20, 400000, 'Girona'),
(5, 'David', 'López', 'ESP', 'DF', 34, 3750000, 'Girona'),
(7, 'Christhian', 'Stuani', 'URU', 'FW', 37, 1200000, 'Girona'),
(1, 'Horațiu', 'Moldovan', 'ROU', 'GK', 26, 1040000, 'Atlético Madrid'),
(2, 'José', 'Giménez', 'URU', 'DF', 29, 6250000, 'Atlético Madrid'),
(3, 'César', 'Azpilicueta', 'ESP', 'DF', 34, 8000000, 'Atlético Madrid'),
(4, 'Gabriel', 'Paulista', 'BRA', 'DF', 33, 2600000, 'Atlético Madrid'),
(5, 'Rodrigo', 'De Paul', 'ARG', 'FW', 29, 6670000, 'Atlético Madrid'),
(1, 'Unai', 'Simón', 'ESP', 'GK', 26, 4280000, 'Athletic Club'),
(3, 'Dani', 'Vivian', 'ESP', 'DF', 24, 2770000, 'Athletic Club'),
(4, 'Aitor', 'Paredes', 'ESP', 'DF', 23, 1250000, 'Athletic Club'),
(5, 'Yeray', 'Álvarez', 'ESP', 'DF', 29, 2400000, 'Athletic Club'),
(6, 'Mikel', 'Vesga', 'ESP', 'MF', 31, 2080000, 'Athletic Club'),
(1, 'Álex', 'Remiro', 'ESP', 'GK', 29, 2800000, 'Real Sociedad'),
(2, 'Álvaro', 'Odriozola', 'ESP', 'DF', 28, 2700000, 'Real Sociedad'),
(3, 'Aihen', 'Muñoz', 'ESP', 'DF', 26, 860000, 'Real Sociedad'),
(4, 'Martín', 'Zubimendi', 'ESP', 'MF', 25, 3000000, 'Real Sociedad'),
(5, 'Igor', 'Zulbeldia', 'ESP', 'DF', 27, 2000000, 'Real Sociedad'),
(1, 'Jaume', 'Doménech', 'ESP', 'GK', 33, 2110000, 'Valencia'),
(3, 'Cristhian', 'Mosquera', 'ESP', 'DF', 19, 160000, 'Valencia'),
(4, 'Mouctar', 'Diakhaby', 'GUI', 'DF', 27, 4000000, 'Valencia'),
(6, 'Hugo', 'Guillamón', 'ESP', 'MF', 24, 1920000, 'Valencia'),
(7, 'Sergi', 'Canós', 'ESP', 'MF', 27, 1500000, 'Valencia');

-- Insert data into GameMatch
INSERT INTO GameMatch (Match_Date, Match_Home_Team, Match_Away_Team, Match_Home_Points, Match_Away_Points, Referee_ID) VALUES
('2023-08-11', 'Almería', 'Rayo Vallecano', 0, 2, 1),
('2023-08-11', 'Sevilla', 'Valencia', 1, 2, 14),
('2023-08-12', 'Real Sociedad', 'Girona', 1, 1, 17),
('2023-08-12', 'Las Palmas', 'Mallorca', 1, 1, 20),
('2023-08-12', 'Athletic Club', 'Real Madrid', 0, 2, 9),
('2023-08-13', 'Celta', 'Osasuna', 0, 2, 6),
('2023-08-13', 'Villareal', 'Real Betis', 1, 2, 3),
('2023-08-13', 'Getafe', 'Barcelona', 0, 0, 2),
('2023-08-14', 'Cádiz', 'Aláves', 1, 0, 11),
('2023-08-14', 'Atlético Madrid', 'Granada', 3, 1, 10),
('2023-08-18', 'Mallorca', 'Villareal', 0, 1, 19),
('2023-08-18', 'Valencia', 'Las Palmas', 1, 0, 21),
('2023-08-19', 'Real Sociedad', 'Celta', 1, 1, 18),
('2023-08-19', 'Almería', 'Real Madrid', 1, 3, 13),
('2023-08-19', 'Osasuna', 'Athletic Club', 0, 2, 7),
('2023-08-20', 'Girona', 'Getafe', 3, 0, 8),
('2023-08-20', 'Barcelona', 'Cádiz', 2, 0, 16),
('2023-08-20', 'Real Betis', 'Atlético Madrid', 0, 0, 15),
('2023-08-21', 'Aláves', 'Sevilla', 4, 3, 21),
('2023-08-21', 'Granada', 'Rayo Vallecano', 2, 0, 5),
('2023-08-25', 'Las Palmas', 'Real Sociedad', 0, 0, 3),
('2023-08-25', 'Celta', 'Real Madrid', 0, 1, 8),
('2023-08-26', 'Cádiz', 'Almería', 1, 1, 11),
('2023-08-26', 'Granada', 'Mallorca', 3, 2, 20),
('2023-08-26', 'Sevilla', 'Girona', 1, 2, 21),
('2023-08-27', 'Villareal', 'Barcelona', 3, 4, 1),
('2023-08-27', 'Valencia', 'Osasuna', 1, 2, 7),
('2023-08-27', 'Athletic Club', 'Real Betis', 4, 2, 17),
('2023-08-28', 'Getafe', 'Aláves', 1, 0, 2),
('2023-08-28', 'Rayo Vallecano', 'Atlético Madrid', 0, 7, 3),
('2023-09-01', 'Cádiz', 'Villareal', 3, 1, 18),
('2023-09-01', 'Almería', 'Celta', 2, 3, 19),
('2023-09-02', 'Real Sociedad', 'Granada', 5, 3, 21),
('2023-09-02', 'Real Madrid', 'Getafe', 2, 1, 12),
('2023-09-02', 'Aláves', 'Valencia', 1, 0, 17),
('2023-09-02', 'Real Betis', 'Rayo Vallecano', 1, 0, 19),
('2023-09-03', 'Girona', 'Las Palmas', 1, 0, 5),
('2023-09-03', 'Mallorca', 'Athletic Club', 0, 0, 6),
('2023-09-03', 'Osasuna', 'Barcelona', 1, 2, 18),
('2023-09-15', 'Rayo Vallecano', 'Aláves', 2, 0, 4),
('2023-09-16', 'Athletic Club', 'Cádiz', 3, 0, 3),
('2023-09-16', 'Valencia', 'Atlético Madrid', 3, 0, 5),
('2023-09-16', 'Celta', 'Mallorca', 0, 1, 17),
('2023-09-16', 'Barcelona', 'Real Betis', 5, 0, 19),
('2023-09-17', 'Getafe', 'Osasuna', 3, 2, 20),
('2023-09-17', 'Villareal', 'Almería', 2, 1, 1),
('2023-09-17', 'Sevilla', 'Las Palmas', 1, 0, 2),
('2023-09-17', 'Real Madrid', 'Real Sociedad', 2, 1, 4),
('2023-09-18', 'Granada', 'Girona', 2, 4, 9),
('2023-09-22', 'Aláves', 'Athletic Club', 0, 2, 11),
('2023-09-23', 'Girona', 'Mallorca', 5, 3, 17),
('2023-09-23', 'Osasuna', 'Sevilla', 0, 0, 3),
('2023-09-23', 'Barcelona', 'Celta', 3, 2, 5),
('2023-09-23', 'Almería', 'Valencia', 2, 2, 10),
('2023-09-24', 'Real Sociedad', 'Getafe', 4, 3, 14),
('2023-09-24', 'Rayo Vallecano', 'Villareal', 1, 1, 13),
('2023-09-24', 'Real Betis', 'Cádiz', 1, 1, 8),
('2023-09-24', 'Las Palmas', 'Granada', 1, 0, 21),
('2023-09-24', 'Atlético Madrid', 'Real Madrid', 3, 1, 6),
('2023-09-26', 'Sevilla', 'Almería', 5, 1, 16),
('2023-09-26', 'Mallorca', 'Barcelona', 2, 2, 18),
('2023-09-27', 'Athletic Club', 'Getafe', 2, 2, 19),
('2023-09-27', 'Real Madrid', 'Las Palmas', 2, 0, 11),
('2023-09-27', 'Villareal', 'Girona', 1, 2, 9),
('2023-09-27', 'Cádiz', 'Rayo Vallecano', 0, 0, 17),
('2023-09-27', 'Valencia', 'Real Sociedad', 0, 1, 1),
('2023-09-28', 'Celta', 'Aláves', 1, 1, 8),
('2023-09-28', 'Granada', 'Real Betis', 1, 1, 4),
('2023-09-28', 'Osasuna', 'Atlético Madrid', 0, 2, 19),
('2023-09-29', 'Barcelona', 'Sevilla', 1, 0, 20),
('2023-09-30', 'Getafe', 'Villareal', 0, 0, 21),
('2023-09-30', 'Rayo Vallecano', 'Mallorca', 2, 2, 13),
('2023-09-30', 'Girona', 'Real Madrid', 0, 3, 17),
('2023-09-30', 'Real Sociedad', 'Athletic Club', 3, 0, 13),
('2023-10-01', 'Almería', 'Granada', 3, 3, 14),
('2023-10-01', 'Aláves', 'Osasuna', 0, 2, 19),
('2023-10-01', 'Atlético Madrid', 'Cádiz', 3, 2, 17),
('2023-10-01', 'Real Betis', 'Valencia', 3, 0, 19),
('2023-10-02', 'Las Palmas', 'Celta', 2, 1, 10);
